{
    "parent": "item/generated",
    "textures": {
        "layer0": "item/bow"
    },
    "display": {
        "thirdperson_righthand": {
            "rotation": [ -80, 260, -40 ],
            "translation": [ -1, -2, 2.5 ],
            "scale": [ 0.9, 0.9, 0.9 ]
        },
        "thirdperson_lefthand": {
            "rotation": [ -80, -280, 40 ],
            "translation": [ -1, -2, 2.5 ],
            "scale": [ 0.9, 0.9, 0.9 ]
        },
        "firstperson_righthand": {
            "rotation": [ 0, -90, 25 ],
            "translation": [ 1.13, 3.2, 1.13],
            "scale": [ 0.68, 0.68, 0.68 ]
        },
        "firstperson_lefthand": {
            "rotation": [ 0, 90, -25 ],
            "translation": [ 1.13, 3.2, 1.13],
            "scale": [ 0.68, 0.68, 0.68 ]
        }
    },
    "overrides": [
        {
            "predicate": {
                "pulling": 1
            },
            "model": "item/bow_pulling_0"
        },
        {
            "predicate": {
                "pulling": 1,
                "pull": 0.65
            },
            "model": "item/bow_pulling_1"
        },
        {
            "predicate": {
                "pulling": 1,
                "pull": 0.9
            },
            "model": "item/bow_pulling_2"
        },
    { 
	"predicate": { "custom_model_data": 2401 }, "model": "item/akaleaf/stardust/stardust_bow_netherite" },
    { 
	"predicate": { "custom_model_data": 2401, "pulling": 1 }, "model": "item/akaleaf/stardust/stardust_bow_netherite_pulling_0" },
    {
        "predicate": { "custom_model_data": 2401, "pulling": 1, "pull": 0.65 }, "model": "item/akaleaf/stardust/stardust_bow_netherite_pulling_1" },
    {
        "predicate": { "custom_model_data": 2401, "pulling": 1, "pull": 0.9 }, "model": "item/akaleaf/stardust/stardust_bow_netherite_pulling_2" },
    {
        "predicate": { "custom_model_data": 2402 }, "model": "item/akaleaf/stardust/stardust_bow_diamond" },
    {
        "predicate": { "custom_model_data": 2402, "pulling": 1 }, "model": "item/akaleaf/stardust/stardust_bow_diamond_pulling_0" },
    {
        "predicate": { "custom_model_data": 2402, "pulling": 1, "pull": 0.65 }, "model": "item/akaleaf/stardust/stardust_bow_diamond_pulling_1" },
    {
        "predicate": { "custom_model_data": 2402, "pulling": 1, "pull": 0.9 }, "model": "item/akaleaf/stardust/stardust_bow_diamond_pulling_2" },
    {
        "predicate": { "custom_model_data": 2403 }, "model": "item/akaleaf/stardust/stardust_bow_golden" },
    {
        "predicate": { "custom_model_data": 2403, "pulling": 1 }, "model": "item/akaleaf/stardust/stardust_bow_golden_pulling_0" },
    {
        "predicate": { "custom_model_data": 2403, "pulling": 1, "pull": 0.65 }, "model": "item/akaleaf/stardust/stardust_bow_golden_pulling_1" },
    {
        "predicate": { "custom_model_data": 2403, "pulling": 1, "pull": 0.9 }, "model": "item/akaleaf/stardust/stardust_bow_golden_pulling_2" },
    {
        "predicate": { "custom_model_data": 2404 }, "model": "item/akaleaf/stardust/stardust_bow_iron" },
    {
        "predicate": { "custom_model_data": 2404, "pulling": 1 }, "model": "item/akaleaf/stardust/stardust_bow_iron_pulling_0" },
    {
        "predicate": { "custom_model_data": 2404, "pulling": 1, "pull": 0.65 }, "model": "item/akaleaf/stardust/stardust_bow_iron_pulling_1" },
    {
        "predicate": { "custom_model_data": 2404, "pulling": 1, "pull": 0.9 }, "model": "item/akaleaf/stardust/stardust_bow_iron_pulling_2" },
    {
        "predicate": { "custom_model_data": 2405 }, "model": "item/akaleaf/stardust/stardust_bow_stone" },
    {
        "predicate": { "custom_model_data": 2405, "pulling": 1 }, "model": "item/akaleaf/stardust/stardust_bow_stone_pulling_0" },
    {
        "predicate": { "custom_model_data": 2405, "pulling": 1, "pull": 0.65 }, "model": "item/akaleaf/stardust/stardust_bow_stone_pulling_1" },
    {
        "predicate": { "custom_model_data": 2405, "pulling": 1, "pull": 0.9 }, "model": "item/akaleaf/stardust/stardust_bow_stone_pulling_2" },
    {
        "predicate": { "custom_model_data": 2406 }, "model": "item/akaleaf/stardust/stardust_bow_wooden" },
    {
        "predicate": { "custom_model_data": 2406, "pulling": 1 }, "model": "item/akaleaf/stardust/stardust_bow_wooden_pulling_0" },
    {
        "predicate": { "custom_model_data": 2406, "pulling": 1, "pull": 0.65 }, "model": "item/akaleaf/stardust/stardust_bow_wooden_pulling_1" },
    {
        "predicate": { "custom_model_data": 2406, "pulling": 1, "pull": 0.9 }, "model": "item/akaleaf/stardust/stardust_bow_wooden_pulling_2" }
    ]
}