{
    "parent": "item/generated",
    "textures": {
        "layer0": "item/crossbow_standby"
    },
    "display": {
        "thirdperson_righthand": {
            "rotation": [ -90, 0, -60 ],
            "translation": [ 2, 0.1, -3 ],
            "scale": [ 0.9, 0.9, 0.9 ]
        },
        "thirdperson_lefthand": {
            "rotation": [ -90, 0, 30 ],
            "translation": [ 2, 0.1, -3 ],
            "scale": [ 0.9, 0.9, 0.9 ]
        },
        "firstperson_righthand": {
            "rotation": [ -90, 0, -55 ],
            "translation": [ 1.13, 3.2, 1.13],
            "scale": [ 0.68, 0.68, 0.68 ]
        },
        "firstperson_lefthand": {
            "rotation": [ -90, 0, 35 ],
            "translation": [ 1.13, 3.2, 1.13],
            "scale": [ 0.68, 0.68, 0.68 ]
        }
    },
    "overrides": [
        {
            "predicate": {
                "pulling": 1
            },
            "model": "item/crossbow_pulling_0"
        },
        {
            "predicate": {
                "pulling": 1,
                "pull": 0.58
            },
            "model": "item/crossbow_pulling_1"
        },
        {
            "predicate": {
                "pulling": 1,
                "pull": 1.0
            },
            "model": "item/crossbow_pulling_2"
        },
        {
            "predicate": {
                "charged": 1
            },
            "model": "item/crossbow_arrow"
        },
        {
            "predicate": {
                "charged": 1,
                "firework": 1
            },
            "model": "item/crossbow_firework"
        },
        { "predicate": { "custom_model_data": 2401 }, "model": "item/akaleaf/stardust/stardust_crossbow_netherite" },
        { "predicate": { "custom_model_data": 2401, "pulling": 1 }, "model": "item/akaleaf/stardust/stardust_crossbow_netherite_pulling_0" },
        { "predicate": { "custom_model_data": 2401, "pulling": 1, "pull": 0.58 }, "model": "item/akaleaf/stardust/stardust_crossbow_netherite_pulling_1" },
        { "predicate": { "custom_model_data": 2401, "pulling": 1, "pull": 1.0 }, "model": "item/akaleaf/stardust/stardust_crossbow_netherite_pulling_2" },
        { "predicate": { "custom_model_data": 2401, "charged": 1 }, "model": "item/akaleaf/stardust/stardust_crossbow_netherite_arrow" },
        { "predicate": { "custom_model_data": 2401, "charged": 1, "firework": 1 }, "model": "item/akaleaf/stardust/stardust_crossbow_netherite_firework" },
        { "predicate": { "custom_model_data": 2402 }, "model": "item/akaleaf/stardust/stardust_crossbow_diamond" },
        { "predicate": { "custom_model_data": 2402, "pulling": 1 }, "model": "item/akaleaf/stardust/stardust_crossbow_diamond_pulling_0" },
        { "predicate": { "custom_model_data": 2402, "pulling": 1, "pull": 0.58 }, "model": "item/akaleaf/stardust/stardust_crossbow_diamond_pulling_1" },
        { "predicate": { "custom_model_data": 2402, "pulling": 1, "pull": 1.0 }, "model": "item/akaleaf/stardust/stardust_crossbow_diamond_pulling_2" },
        { "predicate": { "custom_model_data": 2402, "charged": 1 }, "model": "item/akaleaf/stardust/stardust_crossbow_diamond_arrow" },
        { "predicate": { "custom_model_data": 2402, "charged": 1, "firework": 1 }, "model": "item/akaleaf/stardust/stardust_crossbow_diamond_firework" },
        { "predicate": { "custom_model_data": 2403 }, "model": "item/akaleaf/stardust/stardust_crossbow_golden" },
        { "predicate": { "custom_model_data": 2403, "pulling": 1 }, "model": "item/akaleaf/stardust/stardust_crossbow_golden_pulling_0" },
        { "predicate": { "custom_model_data": 2403, "pulling": 1, "pull": 0.58 }, "model": "item/akaleaf/stardust/stardust_crossbow_golden_pulling_1" },
        { "predicate": { "custom_model_data": 2403, "pulling": 1, "pull": 1.0 }, "model": "item/akaleaf/stardust/stardust_crossbow_golden_pulling_2" },
        { "predicate": { "custom_model_data": 2403, "charged": 1 }, "model": "item/akaleaf/stardust/stardust_crossbow_golden_arrow" },
        { "predicate": { "custom_model_data": 2403, "charged": 1, "firework": 1 }, "model": "item/akaleaf/stardust/stardust_crossbow_golden_firework" },
        { "predicate": { "custom_model_data": 2404 }, "model": "item/akaleaf/stardust/stardust_crossbow_iron" },
        { "predicate": { "custom_model_data": 2404, "pulling": 1 }, "model": "item/akaleaf/stardust/stardust_crossbow_iron_pulling_0" },
        { "predicate": { "custom_model_data": 2404, "pulling": 1, "pull": 0.58 }, "model": "item/akaleaf/stardust/stardust_crossbow_iron_pulling_1" },
        { "predicate": { "custom_model_data": 2404, "pulling": 1, "pull": 1.0 }, "model": "item/akaleaf/stardust/stardust_crossbow_iron_pulling_2" },
        { "predicate": { "custom_model_data": 2404, "charged": 1 }, "model": "item/akaleaf/stardust/stardust_crossbow_iron_arrow" },
        { "predicate": { "custom_model_data": 2404, "charged": 1, "firework": 1 }, "model": "item/akaleaf/stardust/stardust_crossbow_iron_firework" },
        { "predicate": { "custom_model_data": 2405 }, "model": "item/akaleaf/stardust/stardust_crossbow_stone" },
        { "predicate": { "custom_model_data": 2405, "pulling": 1 }, "model": "item/akaleaf/stardust/stardust_crossbow_stone_pulling_0" },
        { "predicate": { "custom_model_data": 2405, "pulling": 1, "pull": 0.58 }, "model": "item/akaleaf/stardust/stardust_crossbow_stone_pulling_1" },
        { "predicate": { "custom_model_data": 2405, "pulling": 1, "pull": 1.0 }, "model": "item/akaleaf/stardust/stardust_crossbow_stone_pulling_2" },
        { "predicate": { "custom_model_data": 2405, "charged": 1 }, "model": "item/akaleaf/stardust/stardust_crossbow_stone_arrow" },
        { "predicate": { "custom_model_data": 2405, "charged": 1, "firework": 1 }, "model": "item/akaleaf/stardust/stardust_crossbow_stone_firework" },
        { "predicate": { "custom_model_data": 2406 }, "model": "item/akaleaf/stardust/stardust_crossbow_wooden" },
        { "predicate": { "custom_model_data": 2406, "pulling": 1 }, "model": "item/akaleaf/stardust/stardust_crossbow_wooden_pulling_0" },
        { "predicate": { "custom_model_data": 2406, "pulling": 1, "pull": 0.58 }, "model": "item/akaleaf/stardust/stardust_crossbow_wooden_pulling_1" },
        { "predicate": { "custom_model_data": 2406, "pulling": 1, "pull": 1.0 }, "model": "item/akaleaf/stardust/stardust_crossbow_wooden_pulling_2" },
        { "predicate": { "custom_model_data": 2406, "charged": 1 }, "model": "item/akaleaf/stardust/stardust_crossbow_wooden_arrow" },
        { "predicate": { "custom_model_data": 2406, "charged": 1, "firework": 1 }, "model": "item/akaleaf/stardust/stardust_crossbow_wooden_firework" }
    ]
}
