{
    "parent": "item/handheld",
    "textures": {
        "layer0": "item/diamond_sword"
    },
    "overrides": [
        { "predicate": {"custom_model_data": 2401}, "model": "item/akaleaf/stardust/stardust_sword_netherite"},
        { "predicate": {"custom_model_data": 2402}, "model": "item/akaleaf/stardust/stardust_sword_diamond"},
        { "predicate": {"custom_model_data": 2403}, "model": "item/akaleaf/stardust/stardust_sword_golden"},
        { "predicate": {"custom_model_data": 2404}, "model": "item/akaleaf/stardust/stardust_sword_iron"},
        { "predicate": {"custom_model_data": 2405}, "model": "item/akaleaf/stardust/stardust_sword_stone"},
        { "predicate": {"custom_model_data": 2406}, "model": "item/akaleaf/stardust/stardust_sword_wooden"}
    ]
}