{
  "parent": "minecraft:item/handheld",
  "textures": {
    "layer0": "minecraft:item/stone_pickaxe"
  },
    "overrides": [
        { "predicate": {"custom_model_data": 2401}, "model": "item/akaleaf/stardust/stardust_pickaxe_netherite"},
        { "predicate": {"custom_model_data": 2402}, "model": "item/akaleaf/stardust/stardust_pickaxe_diamond"},
        { "predicate": {"custom_model_data": 2403}, "model": "item/akaleaf/stardust/stardust_pickaxe_golden"},
        { "predicate": {"custom_model_data": 2404}, "model": "item/akaleaf/stardust/stardust_pickaxe_iron"},
        { "predicate": {"custom_model_data": 2405}, "model": "item/akaleaf/stardust/stardust_pickaxe_stone"},
        { "predicate": {"custom_model_data": 2406}, "model": "item/akaleaf/stardust/stardust_pickaxe_wooden"}
    ]
}