{
  "parent": "minecraft:item/handheld",
  "textures": {
    "layer0": "minecraft:item/wooden_shovel"
  },
    "overrides": [
        { "predicate": {"custom_model_data": 2401}, "model": "item/akaleaf/stardust/stardust_shovel_netherite"},
        { "predicate": {"custom_model_data": 2402}, "model": "item/akaleaf/stardust/stardust_shovel_diamond"},
        { "predicate": {"custom_model_data": 2403}, "model": "item/akaleaf/stardust/stardust_shovel_golden"},
        { "predicate": {"custom_model_data": 2404}, "model": "item/akaleaf/stardust/stardust_shovel_iron"},
        { "predicate": {"custom_model_data": 2405}, "model": "item/akaleaf/stardust/stardust_shovel_stone"},
        { "predicate": {"custom_model_data": 2406}, "model": "item/akaleaf/stardust/stardust_shovel_wooden"}
    ]
}