{
    "providers": [
        {
            "type": "bitmap",
            "file": "minecraft:member.png",
            "ascent": 8,
            "height": 8,
            "chars": ["\uE000"]
        },
        {
            "type": "bitmap",
            "file": "minecraft:vip.png",
            "ascent": 8,
            "height": 8,
            "chars": ["\uE001"]
        },
        {
            "type": "bitmap",
            "file": "minecraft:vipplus.png",
            "ascent": 8,
            "height": 8,
            "chars": ["\uE002"]
        },
        {
            "type": "bitmap",
            "file": "minecraft:mvp.png",
            "ascent": 8,
            "height": 8,
            "chars": ["\uE003"]
        },
        {
            "type": "bitmap",
            "file": "minecraft:mvpplus.png",
            "ascent": 8,
            "height": 8,
            "chars": ["\uE004"]
        },
        {
            "type": "bitmap",
            "file": "minecraft:patron.png",
            "ascent": 8,
            "height": 8,
            "chars": ["\uE005"]
        },
        {
            "type": "bitmap",
            "file": "minecraft:legend.png",
            "ascent": 8,
            "height": 8,
            "chars": ["\uE006"]
        },
        {
            "type": "bitmap",
            "file": "minecraft:nitro.png",
            "ascent": 8,
            "height": 8,
            "chars": ["\uE007"]
        },
        {
            "type": "bitmap",
            "file": "minecraft:helper.png",
            "ascent": 8,
            "height": 8,
            "chars": ["\uE009"]
        },
        {
            "type": "bitmap",
            "file": "minecraft:mod.png",
            "ascent": 8,
            "height": 8,
            "chars": ["\uE010"]
        },
        {
            "type": "bitmap",
            "file": "minecraft:developer.png",
            "ascent": 8,
            "height": 8,
            "chars": ["\uE011"]
        },
        {
            "type": "bitmap",
            "file": "minecraft:admin.png",
            "ascent": 8,
            "height": 8,
            "chars": ["\uE012"]
        },
        {
            "type": "bitmap",
            "file": "minecraft:owner.png",
            "ascent": 8,
            "height": 8,
            "chars": ["\uE013"]
        },
        {
            "type": "bitmap",
            "file": "minecraft:manager.png",
            "ascent": 8,
            "height": 8,
            "chars": ["\uE014"]
        },
        {
            "type": "bitmap",
            "file": "minecraft:media.png",
            "ascent": 8,
            "height": 8,
            "chars": ["\uE015"]
        },
        {
            "type": "bitmap",
	        "file": "minecraft:banner.png",
	        "ascent": 21,
	        "height": 21,
	        "chars": ["\uE238"]
       },
       {
           "chars": [""],
           "file": "minecraft:hyron.png",
           "ascent": 9,
           "height": 9,
           "type": "bitmap"
        },
        {
            "chars": [""],
            "file": "minecraft:quest.png",
            "ascent": 9,
            "height": 9,
            "type": "bitmap"
        },
        {
            "chars": [""],
            "file": "minecraft:coins.png",
            "ascent": 9,
            "height": 9,
            "type": "bitmap"
        },
        {
            "chars": [""],
            "file": "minecraft:farming.png",
            "ascent": 9,
            "height": 12,
            "type": "bitmap"
        },
        {
            "chars": [""],
            "file": "minecraft:fishing.png",
            "ascent": 9,
            "height": 12,
            "type": "bitmap"
        },
        {
            "chars": [""], 
            "file": "minecraft:mining.png",
            "ascent": 9,
            "height": 12,
            "type": "bitmap"
        }
    ]
}