{
	"texture_size": [64, 64],
	"elements": [
		{
			"name": "handle",
			"from": [7, 8, 13],
			"to": [9, 14, 19],
			"faces": {
				"north": {"uv": [2.5, 6, 3, 7.5], "texture": "#1"},
				"east": {"uv": [5.25, 2.25, 6.75, 3.75], "texture": "#1"},
				"south": {"uv": [6.5, 5.25, 7, 6.75], "texture": "#1"},
				"west": {"uv": [5.25, 3.75, 6.75, 5.25], "texture": "#1"},
				"up": {"uv": [7.25, 3.75, 6.75, 2.25], "texture": "#1"},
				"down": {"uv": [3.5, 6.75, 3, 8.25], "texture": "#1"}
			}
		},
		{
			"name": "shield",
			"from": [2, 5, 12],
			"to": [14, 17, 13],
			"rotation": {"angle": 0, "axis": "y", "origin": [8, 11, 12.5]},
			"faces": {
				"north": {"uv": [0, 0, 3, 3], "texture": "#1"},
				"east": {"uv": [3.5, 6.75, 3.75, 9.75], "texture": "#1"},
				"south": {"uv": [0, 3, 3, 6], "texture": "#1"},
				"west": {"uv": [3.75, 6.75, 4, 9.75], "texture": "#1"},
				"up": {"uv": [9.75, 4, 6.75, 3.75], "texture": "#1"},
				"down": {"uv": [9.75, 4, 6.75, 4.25], "texture": "#1"}
			}
		},
		{
			"name": "shield",
			"from": [-2.51, 6.49, 11.99],
			"to": [6.51, 15.51, 13.01],
			"rotation": {"angle": 45, "axis": "z", "origin": [2, 11, 12.5]},
			"faces": {
				"north": {"uv": [3, 0, 5.25, 2.25], "texture": "#1"},
				"east": {"uv": [5, 6.75, 5.25, 9], "texture": "#1"},
				"south": {"uv": [3, 2.25, 5.25, 4.5], "texture": "#1"},
				"west": {"uv": [5.25, 7.75, 5.5, 10], "texture": "#1"},
				"up": {"uv": [9.75, 2.25, 7.5, 2], "texture": "#1"},
				"down": {"uv": [10, 4.25, 7.75, 4.5], "texture": "#1"}
			}
		},
		{
			"name": "shield",
			"from": [9.49, 6.49, 11.99],
			"to": [18.51, 15.51, 13.01],
			"rotation": {"angle": -45, "axis": "z", "origin": [14, 11, 12.5]},
			"faces": {
				"north": {"uv": [3, 4.5, 5.25, 6.75], "texture": "#1"},
				"east": {"uv": [5.5, 7.75, 5.75, 10], "texture": "#1"},
				"south": {"uv": [5.25, 0, 7.5, 2.25], "texture": "#1"},
				"west": {"uv": [5.75, 7.75, 6, 10], "texture": "#1"},
				"up": {"uv": [10, 4.75, 7.75, 4.5], "texture": "#1"},
				"down": {"uv": [10, 4.75, 7.75, 5], "texture": "#1"}
			}
		},
		{
			"from": [5.5, 8.45, 11.5],
			"to": [10.5, 13.45, 12.5],
			"rotation": {"angle": 0, "axis": "y", "origin": [7.5, 10.45, 12.5]},
			"faces": {
				"north": {"uv": [5.25, 5.25, 6.5, 6.5], "texture": "#1"},
				"east": {"uv": [3, 8.25, 3.25, 9.5], "texture": "#1"},
				"south": {"uv": [0, 6, 1.25, 7.25], "texture": "#1"},
				"west": {"uv": [3.25, 8.25, 3.5, 9.5], "texture": "#1"},
				"up": {"uv": [9.5, 1.75, 8.25, 1.5], "texture": "#1"},
				"down": {"uv": [9.5, 1.75, 8.25, 2], "texture": "#1"}
			}
		},
		{
			"from": [5.499, 8.449, 11.499],
			"to": [10.501, 13.451, 12.501],
			"rotation": {"angle": 45, "axis": "z", "origin": [8, 10.95, 12]},
			"faces": {
				"north": {"uv": [1.25, 6, 2.5, 7.25], "texture": "#1"},
				"east": {"uv": [4.75, 8.25, 5, 9.5], "texture": "#1"},
				"south": {"uv": [5.25, 6.5, 6.5, 7.75], "texture": "#1"},
				"west": {"uv": [7.5, 8.5, 7.75, 9.75], "texture": "#1"},
				"up": {"uv": [1.25, 9, 0, 8.75], "texture": "#1"},
				"down": {"uv": [10, 5, 8.75, 5.25], "texture": "#1"}
			}
		},
		{
			"from": [1, 15, 12],
			"to": [5, 18, 12],
			"rotation": {"angle": -22.5, "axis": "x", "origin": [1, 15, 12]},
			"faces": {
				"north": {"uv": [4, 6.75, 5, 7.5], "texture": "#1"},
				"east": {"uv": [0, 0, 0, 0.75], "texture": "#1"},
				"south": {"uv": [6.75, 4.25, 7.75, 5], "texture": "#1"},
				"west": {"uv": [0, 0, 0, 0.75], "texture": "#1"},
				"up": {"uv": [1, 0, 0, 0], "texture": "#1"},
				"down": {"uv": [1, 0, 0, 0], "texture": "#1"}
			}
		},
		{
			"from": [-4.75, 13.5, 12.5],
			"to": [-1.75, 16.5, 12.5],
			"rotation": {"angle": -45, "axis": "z", "origin": [-1.75, 13.5, 12.5]},
			"faces": {
				"north": {"uv": [0, 8, 0.75, 8.75], "texture": "#1"},
				"east": {"uv": [0, 0, 0, 0.75], "texture": "#1"},
				"south": {"uv": [0.75, 8, 1.5, 8.75], "texture": "#1"},
				"west": {"uv": [0, 0, 0, 0.75], "texture": "#1"},
				"up": {"uv": [0.75, 0, 0, 0], "texture": "#1"},
				"down": {"uv": [0.75, 0, 0, 0], "texture": "#1"}
			}
		},
		{
			"from": [9, 17, 12.5],
			"to": [12, 20, 12.5],
			"rotation": {"angle": -22.5, "axis": "z", "origin": [9, 17, 12.5]},
			"faces": {
				"north": {"uv": [8, 5, 8.75, 5.75], "texture": "#1"},
				"east": {"uv": [0, 0, 0, 0.75], "texture": "#1"},
				"south": {"uv": [8, 5.75, 8.75, 6.5], "texture": "#1"},
				"west": {"uv": [0, 0, 0, 0.75], "texture": "#1"},
				"up": {"uv": [0.75, 0, 0, 0], "texture": "#1"},
				"down": {"uv": [0.75, 0, 0, 0], "texture": "#1"}
			}
		},
		{
			"from": [17.75, 5.5, 12.5],
			"to": [20.75, 8.5, 12.5],
			"rotation": {"angle": -45, "axis": "z", "origin": [17.75, 8.5, 12.5]},
			"faces": {
				"north": {"uv": [8.25, 0, 9, 0.75], "texture": "#1"},
				"east": {"uv": [0, 0, 0, 0.75], "texture": "#1"},
				"south": {"uv": [8.25, 0.75, 9, 1.5], "texture": "#1"},
				"west": {"uv": [0, 0, 0, 0.75], "texture": "#1"},
				"up": {"uv": [0.75, 0, 0, 0], "texture": "#1"},
				"down": {"uv": [0.75, 0, 0, 0], "texture": "#1"}
			}
		},
		{
			"from": [4, 2, 12.5],
			"to": [7, 5, 12.5],
			"rotation": {"angle": -22.5, "axis": "z", "origin": [7, 5, 12.5]},
			"faces": {
				"north": {"uv": [1.5, 8.25, 2.25, 9], "texture": "#1"},
				"east": {"uv": [0, 0, 0, 0.75], "texture": "#1"},
				"south": {"uv": [2.25, 8.25, 3, 9], "texture": "#1"},
				"west": {"uv": [0, 0, 0, 0.75], "texture": "#1"},
				"up": {"uv": [0.75, 0, 0, 0], "texture": "#1"},
				"down": {"uv": [0.75, 0, 0, 0], "texture": "#1"}
			}
		},
		{
			"from": [-4.75, 5.5, 12.5],
			"to": [-1.75, 8.5, 12.5],
			"rotation": {"angle": 45, "axis": "z", "origin": [-1.75, 8.5, 12.5]},
			"faces": {
				"north": {"uv": [8.25, 2.25, 9, 3], "texture": "#1"},
				"east": {"uv": [0, 0, 0, 0.75], "texture": "#1"},
				"south": {"uv": [8.25, 3, 9, 3.75], "texture": "#1"},
				"west": {"uv": [0, 0, 0, 0.75], "texture": "#1"},
				"up": {"uv": [0.75, 0, 0, 0], "texture": "#1"},
				"down": {"uv": [0.75, 0, 0, 0], "texture": "#1"}
			}
		},
		{
			"from": [9, 2, 12.5],
			"to": [12, 5, 12.5],
			"rotation": {"angle": 22.5, "axis": "z", "origin": [9, 5, 12.5]},
			"faces": {
				"north": {"uv": [4, 8.25, 4.75, 9], "texture": "#1"},
				"east": {"uv": [0, 0, 0, 0.75], "texture": "#1"},
				"south": {"uv": [6, 8.25, 6.75, 9], "texture": "#1"},
				"west": {"uv": [0, 0, 0, 0.75], "texture": "#1"},
				"up": {"uv": [0.75, 0, 0, 0], "texture": "#1"},
				"down": {"uv": [0.75, 0, 0, 0], "texture": "#1"}
			}
		},
		{
			"from": [17.75, 13.5, 12.5],
			"to": [20.75, 16.5, 12.5],
			"rotation": {"angle": 45, "axis": "z", "origin": [17.75, 13.5, 12.5]},
			"faces": {
				"north": {"uv": [8.25, 6.5, 9, 7.25], "texture": "#1"},
				"east": {"uv": [0, 0, 0, 0.75], "texture": "#1"},
				"south": {"uv": [6.75, 8.25, 7.5, 9], "texture": "#1"},
				"west": {"uv": [0, 0, 0, 0.75], "texture": "#1"},
				"up": {"uv": [0.75, 0, 0, 0], "texture": "#1"},
				"down": {"uv": [0.75, 0, 0, 0], "texture": "#1"}
			}
		},
		{
			"from": [4, 17, 12.5],
			"to": [7, 20, 12.5],
			"rotation": {"angle": 22.5, "axis": "z", "origin": [7, 17, 12.5]},
			"faces": {
				"north": {"uv": [8.25, 7.25, 9, 8], "texture": "#1"},
				"east": {"uv": [0, 0, 0, 0.75], "texture": "#1"},
				"south": {"uv": [8.25, 8, 9, 8.75], "texture": "#1"},
				"west": {"uv": [0, 0, 0, 0.75], "texture": "#1"},
				"up": {"uv": [0.75, 0, 0, 0], "texture": "#1"},
				"down": {"uv": [0.75, 0, 0, 0], "texture": "#1"}
			}
		},
		{
			"from": [11, 4, 12],
			"to": [15, 7, 12],
			"rotation": {"angle": 22.5, "axis": "x", "origin": [14, 7, 12]},
			"faces": {
				"north": {"uv": [6.5, 6.75, 7.5, 7.5], "texture": "#1"},
				"east": {"uv": [0, 0, 0, 0.75], "texture": "#1"},
				"south": {"uv": [7, 5, 8, 5.75], "texture": "#1"},
				"west": {"uv": [0, 0, 0, 0.75], "texture": "#1"},
				"up": {"uv": [1, 0, 0, 0], "texture": "#1"},
				"down": {"uv": [1, 0, 0, 0], "texture": "#1"}
			}
		},
		{
			"from": [1, 4, 12],
			"to": [5, 7, 12],
			"rotation": {"angle": 22.5, "axis": "x", "origin": [1, 7, 12]},
			"faces": {
				"north": {"uv": [7, 5.75, 8, 6.5], "texture": "#1"},
				"east": {"uv": [0, 0, 0, 0.75], "texture": "#1"},
				"south": {"uv": [0, 7.25, 1, 8], "texture": "#1"},
				"west": {"uv": [0, 0, 0, 0.75], "texture": "#1"},
				"up": {"uv": [1, 0, 0, 0], "texture": "#1"},
				"down": {"uv": [1, 0, 0, 0], "texture": "#1"}
			}
		},
		{
			"from": [11, 15, 12],
			"to": [15, 18, 12],
			"rotation": {"angle": -22.5, "axis": "x", "origin": [14, 15, 12]},
			"faces": {
				"north": {"uv": [1, 7.25, 2, 8], "texture": "#1"},
				"east": {"uv": [0, 0, 0, 0.75], "texture": "#1"},
				"south": {"uv": [7.25, 2.25, 8.25, 3], "texture": "#1"},
				"west": {"uv": [0, 0, 0, 0.75], "texture": "#1"},
				"up": {"uv": [1, 0, 0, 0], "texture": "#1"},
				"down": {"uv": [1, 0, 0, 0], "texture": "#1"}
			}
		},
		{
			"from": [6.5, 13, 12],
			"to": [9.5, 17, 12],
			"rotation": {"angle": -22.5, "axis": "x", "origin": [6.5, 13, 12]},
			"faces": {
				"north": {"uv": [7.5, 0, 8.25, 1], "texture": "#1"},
				"east": {"uv": [0, 0, 0, 1], "texture": "#1"},
				"south": {"uv": [7.5, 1, 8.25, 2], "texture": "#1"},
				"west": {"uv": [0, 0, 0, 1], "texture": "#1"},
				"up": {"uv": [0.75, 0, 0, 0], "texture": "#1"},
				"down": {"uv": [0.75, 0, 0, 0], "texture": "#1"}
			}
		},
		{
			"from": [2, 9.5, 12],
			"to": [6, 12.5, 12],
			"rotation": {"angle": -22.5, "axis": "y", "origin": [6, 9.5, 12]},
			"faces": {
				"north": {"uv": [7.25, 3, 8.25, 3.75], "texture": "#1"},
				"east": {"uv": [0, 0, 0, 0.75], "texture": "#1"},
				"south": {"uv": [2, 7.5, 3, 8.25], "texture": "#1"},
				"west": {"uv": [0, 0, 0, 0.75], "texture": "#1"},
				"up": {"uv": [1, 0, 0, 0], "texture": "#1"},
				"down": {"uv": [1, 0, 0, 0], "texture": "#1"}
			}
		},
		{
			"from": [10, 9.5, 12],
			"to": [14, 12.5, 12],
			"rotation": {"angle": 22.5, "axis": "y", "origin": [10, 9.5, 12]},
			"faces": {
				"north": {"uv": [4, 7.5, 5, 8.25], "texture": "#1"},
				"east": {"uv": [0, 0, 0, 0.75], "texture": "#1"},
				"south": {"uv": [6.5, 7.5, 7.5, 8.25], "texture": "#1"},
				"west": {"uv": [0, 0, 0, 0.75], "texture": "#1"},
				"up": {"uv": [1, 0, 0, 0], "texture": "#1"},
				"down": {"uv": [1, 0, 0, 0], "texture": "#1"}
			}
		},
		{
			"from": [6.5, 5, 12],
			"to": [9.5, 9, 12],
			"rotation": {"angle": 22.5, "axis": "x", "origin": [6.5, 9, 12]},
			"faces": {
				"north": {"uv": [7.5, 6.5, 8.25, 7.5], "texture": "#1"},
				"east": {"uv": [0, 0, 0, 1], "texture": "#1"},
				"south": {"uv": [7.5, 7.5, 8.25, 8.5], "texture": "#1"},
				"west": {"uv": [0, 0, 0, 1], "texture": "#1"},
				"up": {"uv": [0.75, 0, 0, 0], "texture": "#1"},
				"down": {"uv": [0.75, 0, 0, 0], "texture": "#1"}
			}
		}
	],
	"display": {
		"thirdperson_righthand": {
			"rotation": [90, -90, 90],
			"translation": [8, -5, 3]
		},
		"thirdperson_lefthand": {
			"rotation": [90, -90, 90],
			"translation": [8, -5, 3]
		},
		"firstperson_righthand": {
			"rotation": [-180, -180, -170],
			"translation": [-3.5, -4.75, -1]
		},
		"firstperson_lefthand": {
			"rotation": [-180, -180, -170],
			"translation": [-3.5, -4.75, -1]
		},
		"ground": {
			"translation": [0, 5.75, -5]
		},
		"gui": {
			"rotation": [-22.25, 152.25, 30.5],
			"translation": [-3, -1.25, 0],
			"scale": [0.8, 0.8, 0.8]
		},
		"head": {
			"rotation": [90, 0, 0],
			"translation": [0, 11.75, -3]
		},
		"fixed": {
			"translation": [0, -2.25, -5],
			"scale": [0.9, 0.9, 0.9]
		}
	},
	"groups": [
		{
			"name": "shield",
			"origin": [0, 11, 1],
			"color": 0,
			"children": [0, 1, 2, 3,
				{
					"name": "gems",
					"origin": [0, 11, 1],
					"color": 0,
					"children": [
						{
							"name": "gem1",
							"origin": [8, 8, 8],
							"color": 0,
							"children": [4, 5]
						}
					]
				},
				{
					"name": "crystals",
					"origin": [0, 11, 1],
					"color": 0,
					"children": [6, 7, 8, 9, 10, 11, 12, 13, 14, 15, 16, 17, 18, 19, 20, 21]
				}
			]
		}
	]
}