{
	"texture_size": [32, 32],
	"elements": [
		{
			"from": [7.5, -10.702, 6.999],
			"to": [9.502, -7.7, 9.001],
			"rotation": {"angle": 45, "axis": "z", "origin": [8.001, -9.201, 8]},
			"faces": {
				"north": {"uv": [9.5, 8.5, 10.5, 10], "texture": "#1"},
				"east": {"uv": [9.5, 10, 10.5, 11.5], "texture": "#1"},
				"south": {"uv": [1, 10.5, 2, 12], "texture": "#1"},
				"west": {"uv": [10.5, 1, 11.5, 2.5], "texture": "#1"},
				"up": {"uv": [3.5, 9.5, 2.5, 8.5], "texture": "#1"},
				"down": {"uv": [13, 8.5, 12, 9.5], "texture": "#1"}
			}
		},
		{
			"from": [6.5, -9.702, 6.999],
			"to": [7.502, -7.7, 9.001],
			"rotation": {"angle": 45, "axis": "z", "origin": [8.001, -9.201, 8]},
			"faces": {
				"north": {"uv": [7.5, 12, 8, 13], "texture": "#1"},
				"east": {"uv": [12, 9.5, 13, 10.5], "texture": "#1"},
				"south": {"uv": [12.5, 4.5, 13, 5.5], "texture": "#1"},
				"west": {"uv": [12, 10.5, 13, 11.5], "texture": "#1"},
				"up": {"uv": [6, 13.5, 5.5, 12.5], "texture": "#1"},
				"down": {"uv": [13, 5.5, 12.5, 6.5], "texture": "#1"}
			}
		},
		{
			"from": [7, -8.2, 7],
			"to": [9, 5.8, 9],
			"rotation": {"angle": 0, "axis": "y", "origin": [0, 21.8, 0]},
			"faces": {
				"north": {"uv": [3.5, 0, 4.5, 7], "texture": "#1"},
				"east": {"uv": [4.5, 0, 5.5, 7], "texture": "#1"},
				"south": {"uv": [5.5, 0, 6.5, 7], "texture": "#1"},
				"west": {"uv": [0, 6, 1, 13], "texture": "#1"},
				"up": {"uv": [13.5, 3.5, 12.5, 2.5], "texture": "#1"},
				"down": {"uv": [4.5, 12.5, 3.5, 13.5], "texture": "#1"}
			}
		},
		{
			"from": [6.501, 0.801, 6.501],
			"to": [9.499, 2.799, 9.499],
			"rotation": {"angle": 0, "axis": "y", "origin": [0, 20.8, 0]},
			"faces": {
				"north": {"uv": [10.5, 5.5, 12, 6.5], "texture": "#1"},
				"east": {"uv": [10.5, 6.5, 12, 7.5], "texture": "#1"},
				"south": {"uv": [8, 10.5, 9.5, 11.5], "texture": "#1"},
				"west": {"uv": [10.5, 8.5, 12, 9.5], "texture": "#1"},
				"up": {"uv": [10.5, 2.5, 9, 1], "texture": "#1"},
				"down": {"uv": [9.5, 9, 8, 10.5], "texture": "#1"}
			}
		},
		{
			"from": [6.501, -6.199, 6.501],
			"to": [9.499, -4.201, 9.499],
			"rotation": {"angle": 0, "axis": "y", "origin": [0, 20.8, 0]},
			"faces": {
				"north": {"uv": [10.5, 9.5, 12, 10.5], "texture": "#1"},
				"east": {"uv": [10.5, 10.5, 12, 11.5], "texture": "#1"},
				"south": {"uv": [2, 11, 3.5, 12], "texture": "#1"},
				"west": {"uv": [11, 2.5, 12.5, 3.5], "texture": "#1"},
				"up": {"uv": [4, 11, 2.5, 9.5], "texture": "#1"},
				"down": {"uv": [11, 2.5, 9.5, 4], "texture": "#1"}
			}
		},
		{
			"from": [4.999, 5.749, 6.999],
			"to": [11.001, 8.751, 9.001],
			"rotation": {"angle": 0, "axis": "y", "origin": [8, 7.75, 8.5]},
			"faces": {
				"north": {"uv": [6.5, 2.5, 9.5, 4], "texture": "#1"},
				"east": {"uv": [3.5, 11, 4.5, 12.5], "texture": "#1"},
				"south": {"uv": [6.5, 4, 9.5, 5.5], "texture": "#1"},
				"west": {"uv": [11, 3.5, 12, 5], "texture": "#1"},
				"up": {"uv": [9.5, 9, 6.5, 8], "texture": "#1"},
				"down": {"uv": [12, 0, 9, 1], "texture": "#1"}
			}
		},
		{
			"from": [6.499, 8.749, 6.999],
			"to": [9.501, 12.751, 9.001],
			"rotation": {"angle": 0, "axis": "y", "origin": [7.5, 11.75, 8.5]},
			"faces": {
				"north": {"uv": [1, 8.5, 2.5, 10.5], "texture": "#1"},
				"east": {"uv": [5.5, 9.5, 6.5, 11.5], "texture": "#1"},
				"south": {"uv": [6.5, 9, 8, 11], "texture": "#1"},
				"west": {"uv": [9.5, 5.5, 10.5, 7.5], "texture": "#1"},
				"up": {"uv": [8, 12, 6.5, 11], "texture": "#1"},
				"down": {"uv": [13, 1, 11.5, 2], "texture": "#1"}
			}
		},
		{
			"from": [8.499, 7.999, 7.999],
			"to": [11.501, 13.001, 8.001],
			"rotation": {"angle": 45, "axis": "z", "origin": [11.5, 13, 8]},
			"faces": {
				"north": {"uv": [6.5, 5.5, 8, 8], "texture": "#1"},
				"east": {"uv": [0, 0, 0, 2.5], "texture": "#1"},
				"south": {"uv": [3.5, 7, 5, 9.5], "texture": "#1"},
				"west": {"uv": [0, 0, 0, 2.5], "texture": "#1"},
				"up": {"uv": [1.5, 0, 0, 0], "texture": "#1"},
				"down": {"uv": [1.5, 0, 0, 0], "texture": "#1"}
			}
		},
		{
			"from": [4.499, 7.999, 7.999],
			"to": [7.501, 13.001, 8.001],
			"rotation": {"angle": -45, "axis": "z", "origin": [4.5, 13, 8]},
			"faces": {
				"north": {"uv": [5, 7, 6.5, 9.5], "texture": "#1"},
				"east": {"uv": [0, 0, 0, 2.5], "texture": "#1"},
				"south": {"uv": [8, 5.5, 9.5, 8], "texture": "#1"},
				"west": {"uv": [0, 0, 0, 2.5], "texture": "#1"},
				"up": {"uv": [1.5, 0, 0, 0], "texture": "#1"},
				"down": {"uv": [1.5, 0, 0, 0], "texture": "#1"}
			}
		},
		{
			"from": [5.999, 6.999, 6.499],
			"to": [8.001, 9.001, 9.501],
			"rotation": {"angle": 45, "axis": "z", "origin": [8, 9, 8]},
			"faces": {
				"north": {"uv": [12.5, 3.5, 13.5, 4.5], "texture": "#1"},
				"east": {"uv": [4.5, 11.5, 6, 12.5], "texture": "#1"},
				"south": {"uv": [4.5, 12.5, 5.5, 13.5], "texture": "#1"},
				"west": {"uv": [8, 11.5, 9.5, 12.5], "texture": "#1"},
				"up": {"uv": [10.5, 13, 9.5, 11.5], "texture": "#1"},
				"down": {"uv": [11.5, 11.5, 10.5, 13], "texture": "#1"}
			}
		},
		{
			"from": [5.998, 11.548, 6.998],
			"to": [9.002, 14.552, 9.002],
			"rotation": {"angle": -45, "axis": "z", "origin": [8, 12.55, 8]},
			"faces": {
				"north": {"uv": [4, 9.5, 5.5, 11], "texture": "#1"},
				"east": {"uv": [11.5, 11.5, 12.5, 13], "texture": "#1"},
				"south": {"uv": [9.5, 4, 11, 5.5], "texture": "#1"},
				"west": {"uv": [1, 12, 2, 13.5], "texture": "#1"},
				"up": {"uv": [13.5, 1, 12, 0], "texture": "#1"},
				"down": {"uv": [3.5, 12, 2, 13], "texture": "#1"}
			}
		},
		{
			"from": [4.5, 10.05, 7.5],
			"to": [11.5, 16.05, 8.5],
			"rotation": {"angle": 0, "axis": "y", "origin": [8.51, 10.54, 7.99]},
			"faces": {
				"north": {"uv": [0, 0, 3.5, 3], "texture": "#1"},
				"east": {"uv": [6, 11.5, 6.5, 14.5], "texture": "#1"},
				"south": {"uv": [0, 3, 3.5, 6], "texture": "#1"},
				"west": {"uv": [12, 3.5, 12.5, 6.5], "texture": "#1"},
				"up": {"uv": [13, 8, 9.5, 7.5], "texture": "#1"},
				"down": {"uv": [13, 8, 9.5, 8.5], "texture": "#1"}
			}
		},
		{
			"from": [5.499, 13.549, 7.499],
			"to": [10.501, 18.551, 8.501],
			"rotation": {"angle": 45, "axis": "z", "origin": [8, 16.05, 8]},
			"faces": {
				"north": {"uv": [1, 6, 3.5, 8.5], "texture": "#1"},
				"east": {"uv": [6.5, 12, 7, 14.5], "texture": "#1"},
				"south": {"uv": [6.5, 0, 9, 2.5], "texture": "#1"},
				"west": {"uv": [7, 12, 7.5, 14.5], "texture": "#1"},
				"up": {"uv": [14, 2.5, 11.5, 2], "texture": "#1"},
				"down": {"uv": [14.5, 6.5, 12, 7], "texture": "#1"}
			}
		},
		{
			"from": [7.35046, 9.35231, 7.501],
			"to": [9.34846, 10.35031, 8.499],
			"rotation": {"angle": -45, "axis": "z", "origin": [7.34946, 12.35131, 7.489]},
			"faces": {
				"north": {"uv": [4.5, 11, 5.5, 11.5], "texture": "#1"},
				"east": {"uv": [2, 10.5, 2.5, 11], "texture": "#1"},
				"south": {"uv": [11, 5, 12, 5.5], "texture": "#1"},
				"west": {"uv": [0.5, 13, 1, 13.5], "texture": "#1"},
				"up": {"uv": [13, 7.5, 12, 7], "texture": "#1"},
				"down": {"uv": [9, 12.5, 8, 13], "texture": "#1"}
			}
		},
		{
			"from": [8.43187, 8.76132, 7.501],
			"to": [9.42987, 10.75932, 8.499],
			"rotation": {"angle": -45, "axis": "z", "origin": [9.4612, 8.87643, 7.5]},
			"faces": {
				"north": {"uv": [9, 12.5, 9.5, 13.5], "texture": "#1"},
				"east": {"uv": [12.5, 11.5, 13, 12.5], "texture": "#1"},
				"south": {"uv": [12.5, 12.5, 13, 13.5], "texture": "#1"},
				"west": {"uv": [0, 13, 0.5, 14], "texture": "#1"},
				"up": {"uv": [13.5, 1.5, 13, 1], "texture": "#1"},
				"down": {"uv": [13.5, 1.5, 13, 2], "texture": "#1"}
			}
		}
	],
	"gui_light": "front",
	"display": {
		"thirdperson_righthand": {
			"rotation": [0, -90, 0],
			"translation": [0, 3.75, 1.25],
			"scale": [0.6, 0.6, 0.6]
		},
		"thirdperson_lefthand": {
			"rotation": [0, 90, 0],
			"translation": [0, 3.75, 1.25],
			"scale": [0.6, 0.6, 0.6]
		},
		"firstperson_righthand": {
			"rotation": [20, -90, 0],
			"translation": [2, 4, 0.5],
			"scale": [0.6, 0.6, 0.6]
		},
		"firstperson_lefthand": {
			"rotation": [20, 90, 0],
			"translation": [2, 4, 0.5],
			"scale": [0.6, 0.6, 0.6]
		},
		"ground": {
			"rotation": [0, 0, -45],
			"translation": [2.5, 7, 0],
			"scale": [0.5, 0.5, 0.5]
		},
		"gui": {
			"rotation": [0, 0, -45],
			"translation": [1.75, 1.75, -0.75],
			"scale": [0.55, 0.55, 0.55]
		},
		"head": {
			"rotation": [0, 0, -180],
			"translation": [-0.25, 11, 0.75],
			"scale": [0.6, 0.6, 0.6]
		},
		"fixed": {
			"rotation": [0, -180, -45],
			"translation": [-2.25, 2, -0.75],
			"scale": [0.7, 0.7, 0.7]
		}
	},
	"groups": [
		{
			"name": "pickaxe",
			"origin": [8, 8, 8],
			"color": 0,
			"children": [
				{
					"name": "pommel",
					"origin": [8, 8, 8],
					"color": 0,
					"children": [0, 1]
				},
				{
					"name": "grip",
					"origin": [8, 8, 8],
					"color": 0,
					"children": [2,
						{
							"name": "handle",
							"origin": [8, 8, 8],
							"color": 0,
							"children": [3, 4]
						}
					]
				},
				{
					"name": "guard",
					"origin": [8, 8, 8],
					"color": 0,
					"children": [
						{
							"name": "cross-guard",
							"origin": [8, 8, 8],
							"color": 0,
							"children": [
								{
									"name": "gem",
									"origin": [8, 8, 8],
									"color": 0,
									"children": [5, 6, 7, 8, 9]
								},
								{
									"name": "blade",
									"origin": [8, 8, 8],
									"color": 0,
									"children": [10, 11, 12, 13, 14]
								}
							]
						}
					]
				}
			]
		}
	]
}