{
	"credit": "Made with Blockbench",
	"texture_size": [32, 32],
	"textures": {
		"0": "toffy/crates/toffy_key_paladin",
		"particle": "toffy/crates/toffy_key_paladin"
	},
	"elements": [
		{
			"from": [7.5, 0, 6.5],
			"to": [8.5, 1, 9.5],
			"rotation": {"angle": 0, "axis": "y", "origin": [0, 0, 0.5]},
			"faces": {
				"north": {"uv": [1, 8.5, 1.5, 9], "texture": "#0"},
				"east": {"uv": [3, 3, 4.5, 3.5], "texture": "#0"},
				"south": {"uv": [2, 8.5, 2.5, 9], "texture": "#0"},
				"west": {"uv": [4, 0, 5.5, 0.5], "texture": "#0"},
				"up": {"uv": [4.5, 2.5, 4, 1], "texture": "#0"},
				"down": {"uv": [3.5, 4, 3, 5.5], "texture": "#0"}
			}
		},
		{
			"from": [7.5, 2, 6.5],
			"to": [8.5, 3, 9.5],
			"rotation": {"angle": 0, "axis": "y", "origin": [0, 2, 0.5]},
			"faces": {
				"north": {"uv": [4, 9.5, 4.5, 10], "texture": "#0"},
				"east": {"uv": [6, 2, 7.5, 2.5], "texture": "#0"},
				"south": {"uv": [5, 9.5, 5.5, 10], "texture": "#0"},
				"west": {"uv": [3, 6, 4.5, 6.5], "texture": "#0"},
				"up": {"uv": [6.5, 4.5, 6, 3], "texture": "#0"},
				"down": {"uv": [6.5, 5, 6, 6.5], "texture": "#0"}
			}
		},
		{
			"from": [7.5, 3, 7],
			"to": [8.5, 8, 9],
			"rotation": {"angle": 0, "axis": "y", "origin": [0, 1, 0]},
			"faces": {
				"north": {"uv": [0, 3, 0.5, 5.5], "texture": "#0"},
				"east": {"uv": [0, 0, 1, 2.5], "texture": "#0"},
				"south": {"uv": [3, 0, 3.5, 2.5], "texture": "#0"},
				"west": {"uv": [1.5, 0, 2.5, 2.5], "texture": "#0"},
				"up": {"uv": [7.5, 4, 7, 3], "texture": "#0"},
				"down": {"uv": [4.5, 7, 4, 8], "texture": "#0"}
			}
		},
		{
			"from": [8, 14.25, 7.5],
			"to": [8, 15.25, 8.5],
			"rotation": {"angle": 0, "axis": "y", "origin": [0, 1.75, 0]},
			"faces": {
				"north": {"uv": [10, 5, 10, 6], "texture": "#0"},
				"east": {"uv": [8, 4.5, 8.5, 5.5], "texture": "#0"},
				"south": {"uv": [10, 6.5, 10, 7.5], "texture": "#0"},
				"west": {"uv": [8, 6, 8.5, 7], "texture": "#0"},
				"up": {"uv": [10, 8.5, 10, 8], "texture": "#0"},
				"down": {"uv": [10, 9, 10, 9.5], "texture": "#0"}
			}
		},
		{
			"from": [7.5, 1, 7],
			"to": [8.5, 2, 9],
			"rotation": {"angle": 0, "axis": "y", "origin": [0, -1, 0]},
			"faces": {
				"north": {"uv": [6, 9.5, 6.5, 10], "texture": "#0"},
				"east": {"uv": [1, 7.5, 2, 8], "texture": "#0"},
				"south": {"uv": [7, 9.5, 7.5, 10], "texture": "#0"},
				"west": {"uv": [7, 7.5, 8, 8], "texture": "#0"},
				"up": {"uv": [0.5, 9, 0, 8], "texture": "#0"},
				"down": {"uv": [8.5, 0, 8, 1], "texture": "#0"}
			}
		},
		{
			"from": [7.75, 0, 5.75],
			"to": [8.75, 1, 6.75],
			"rotation": {"angle": -45, "axis": "y", "origin": [8, 0.5, 6]},
			"faces": {
				"north": {"uv": [4, 8.5, 4.5, 9], "texture": "#0"},
				"east": {"uv": [5, 8.5, 5.5, 9], "texture": "#0"},
				"south": {"uv": [6, 8.5, 6.5, 9], "texture": "#0"},
				"west": {"uv": [7, 8.5, 7.5, 9], "texture": "#0"},
				"up": {"uv": [9, 8, 8.5, 7.5], "texture": "#0"},
				"down": {"uv": [8.5, 8.5, 8, 9], "texture": "#0"}
			}
		},
		{
			"from": [7.75, 0, 9.25],
			"to": [8.75, 1, 10.25],
			"rotation": {"angle": 45, "axis": "y", "origin": [8, 0.5, 10]},
			"faces": {
				"north": {"uv": [9, 0, 9.5, 0.5], "texture": "#0"},
				"east": {"uv": [9, 1, 9.5, 1.5], "texture": "#0"},
				"south": {"uv": [9, 2, 9.5, 2.5], "texture": "#0"},
				"west": {"uv": [3, 9, 3.5, 9.5], "texture": "#0"},
				"up": {"uv": [9.5, 3.5, 9, 3], "texture": "#0"},
				"down": {"uv": [9.5, 4, 9, 4.5], "texture": "#0"}
			}
		},
		{
			"from": [7.5, 7, 9.9],
			"to": [8.5, 10, 10.9],
			"rotation": {"angle": 0, "axis": "y", "origin": [0, 3, 17.9]},
			"faces": {
				"north": {"uv": [4, 4, 4.5, 5.5], "texture": "#0"},
				"east": {"uv": [5, 1, 5.5, 2.5], "texture": "#0"},
				"south": {"uv": [5, 3, 5.5, 4.5], "texture": "#0"},
				"west": {"uv": [5, 5, 5.5, 6.5], "texture": "#0"},
				"up": {"uv": [9.5, 5.5, 9, 5], "texture": "#0"},
				"down": {"uv": [9.5, 6, 9, 6.5], "texture": "#0"}
			}
		},
		{
			"from": [7.5, 9.69448, 9.36404],
			"to": [8.5, 11.69448, 10.36404],
			"rotation": {"angle": -22.5, "axis": "x", "origin": [8, 11.19448, 9.86404]},
			"faces": {
				"north": {"uv": [7, 4.5, 7.5, 5.5], "texture": "#0"},
				"east": {"uv": [5, 7, 5.5, 8], "texture": "#0"},
				"south": {"uv": [6, 7, 6.5, 8], "texture": "#0"},
				"west": {"uv": [7, 6, 7.5, 7], "texture": "#0"},
				"up": {"uv": [9.5, 9, 9, 8.5], "texture": "#0"},
				"down": {"uv": [0.5, 9.5, 0, 10], "texture": "#0"}
			}
		},
		{
			"from": [7.5, 11.05487, 8.22042],
			"to": [8.5, 14.05487, 9.22042],
			"rotation": {"angle": -45, "axis": "x", "origin": [8, 12.55487, 8.72042]},
			"faces": {
				"north": {"uv": [1, 5.5, 1.5, 7], "texture": "#0"},
				"east": {"uv": [2, 5.5, 2.5, 7], "texture": "#0"},
				"south": {"uv": [0, 6, 0.5, 7.5], "texture": "#0"},
				"west": {"uv": [6, 0, 6.5, 1.5], "texture": "#0"},
				"up": {"uv": [1.5, 10, 1, 9.5], "texture": "#0"},
				"down": {"uv": [2.5, 9.5, 2, 10], "texture": "#0"}
			}
		},
		{
			"from": [8, 10.80487, 9.22042],
			"to": [8, 14.80487, 10.22042],
			"rotation": {"angle": -45, "axis": "x", "origin": [8, 12.30487, 8.72042]},
			"faces": {
				"north": {"uv": [8, 9.5, 8, 11.5], "texture": "#0"},
				"east": {"uv": [1, 3, 1.5, 5], "texture": "#0"},
				"south": {"uv": [8.5, 9.5, 8.5, 11.5], "texture": "#0"},
				"west": {"uv": [2, 3, 2.5, 5], "texture": "#0"},
				"up": {"uv": [2.5, 8, 2.5, 7.5], "texture": "#0"},
				"down": {"uv": [9.5, 7, 9.5, 7.5], "texture": "#0"}
			}
		},
		{
			"from": [8, 9.84502, 10.52995],
			"to": [8, 11.84502, 11.52995],
			"rotation": {"angle": -22.5, "axis": "x", "origin": [8, 10.34502, 10.02995]},
			"faces": {
				"north": {"uv": [9, 9.5, 9, 10.5], "texture": "#0"},
				"east": {"uv": [8, 1.5, 8.5, 2.5], "texture": "#0"},
				"south": {"uv": [9.5, 9.5, 9.5, 10.5], "texture": "#0"},
				"west": {"uv": [8, 3, 8.5, 4], "texture": "#0"},
				"up": {"uv": [10, 0.5, 10, 0], "texture": "#0"},
				"down": {"uv": [10, 1, 10, 1.5], "texture": "#0"}
			}
		},
		{
			"from": [8, 7.45711, 10.60711],
			"to": [8, 10.45711, 11.60711],
			"rotation": {"angle": 0, "axis": "x", "origin": [8, 8.95711, 10.10711]},
			"faces": {
				"north": {"uv": [10, 2, 10, 3.5], "texture": "#0"},
				"east": {"uv": [7, 0, 7.5, 1.5], "texture": "#0"},
				"south": {"uv": [3, 10, 3, 11.5], "texture": "#0"},
				"west": {"uv": [3, 7, 3.5, 8.5], "texture": "#0"},
				"up": {"uv": [3.5, 10.5, 3.5, 10], "texture": "#0"},
				"down": {"uv": [10, 4, 10, 4.5], "texture": "#0"}
			}
		},
		{
			"from": [7.5, 7, 5.1],
			"to": [8.5, 10, 6.1],
			"rotation": {"angle": 0, "axis": "y", "origin": [0, 3, -1.9]},
			"faces": {
				"north": {"uv": [5.5, 3, 5, 4.5], "texture": "#0"},
				"east": {"uv": [5.5, 1, 5, 2.5], "texture": "#0"},
				"south": {"uv": [4.5, 4, 4, 5.5], "texture": "#0"},
				"west": {"uv": [5.5, 5, 5, 6.5], "texture": "#0"},
				"up": {"uv": [9.5, 5, 9, 5.5], "texture": "#0"},
				"down": {"uv": [9.5, 6.5, 9, 6], "texture": "#0"}
			}
		},
		{
			"from": [7.5, 9.69448, 5.63596],
			"to": [8.5, 11.69448, 6.63596],
			"rotation": {"angle": 22.5, "axis": "x", "origin": [8, 11.19448, 6.13596]},
			"faces": {
				"north": {"uv": [6.5, 7, 6, 8], "texture": "#0"},
				"east": {"uv": [5.5, 7, 5, 8], "texture": "#0"},
				"south": {"uv": [7.5, 4.5, 7, 5.5], "texture": "#0"},
				"west": {"uv": [7.5, 6, 7, 7], "texture": "#0"},
				"up": {"uv": [9.5, 8.5, 9, 9], "texture": "#0"},
				"down": {"uv": [0.5, 10, 0, 9.5], "texture": "#0"}
			}
		},
		{
			"from": [7.5, 11.05487, 6.77958],
			"to": [8.5, 14.05487, 7.77958],
			"rotation": {"angle": 45, "axis": "x", "origin": [8, 12.55487, 7.27958]},
			"faces": {
				"north": {"uv": [0.5, 6, 0, 7.5], "texture": "#0"},
				"east": {"uv": [2.5, 5.5, 2, 7], "texture": "#0"},
				"south": {"uv": [1.5, 5.5, 1, 7], "texture": "#0"},
				"west": {"uv": [6.5, 0, 6, 1.5], "texture": "#0"},
				"up": {"uv": [1.5, 9.5, 1, 10], "texture": "#0"},
				"down": {"uv": [2.5, 10, 2, 9.5], "texture": "#0"}
			}
		},
		{
			"from": [8, 10.80487, 5.77958],
			"to": [8, 14.80487, 6.77958],
			"rotation": {"angle": 45, "axis": "x", "origin": [8, 12.30487, 7.27958]},
			"faces": {
				"north": {"uv": [8.5, 9.5, 8.5, 11.5], "texture": "#0"},
				"east": {"uv": [1.5, 3, 1, 5], "texture": "#0"},
				"south": {"uv": [8, 9.5, 8, 11.5], "texture": "#0"},
				"west": {"uv": [2.5, 3, 2, 5], "texture": "#0"},
				"up": {"uv": [2.5, 7.5, 2.5, 8], "texture": "#0"},
				"down": {"uv": [9.5, 7.5, 9.5, 7], "texture": "#0"}
			}
		},
		{
			"from": [8, 9.84502, 4.47005],
			"to": [8, 11.84502, 5.47005],
			"rotation": {"angle": 22.5, "axis": "x", "origin": [8, 10.34502, 5.97005]},
			"faces": {
				"north": {"uv": [9.5, 9.5, 9.5, 10.5], "texture": "#0"},
				"east": {"uv": [8.5, 1.5, 8, 2.5], "texture": "#0"},
				"south": {"uv": [9, 9.5, 9, 10.5], "texture": "#0"},
				"west": {"uv": [8.5, 3, 8, 4], "texture": "#0"},
				"up": {"uv": [10, 0, 10, 0.5], "texture": "#0"},
				"down": {"uv": [10, 1.5, 10, 1], "texture": "#0"}
			}
		},
		{
			"from": [8, 7.45711, 4.39289],
			"to": [8, 10.45711, 5.39289],
			"rotation": {"angle": 0, "axis": "x", "origin": [8, 8.95711, 5.89289]},
			"faces": {
				"north": {"uv": [3, 10, 3, 11.5], "texture": "#0"},
				"east": {"uv": [7.5, 0, 7, 1.5], "texture": "#0"},
				"south": {"uv": [10, 2, 10, 3.5], "texture": "#0"},
				"west": {"uv": [3.5, 7, 3, 8.5], "texture": "#0"},
				"up": {"uv": [3.5, 10, 3.5, 10.5], "texture": "#0"},
				"down": {"uv": [10, 4.5, 10, 4], "texture": "#0"}
			}
		}
	],
	"gui_light": "front",
	"display": {
		"thirdperson_righthand": {
			"rotation": [-48, 0, -180],
			"translation": [0, 0.5, -1],
			"scale": [0.5, 0.5, 0.5]
		},
		"thirdperson_lefthand": {
			"rotation": [-48, 0, -180],
			"translation": [0, 0.5, -1],
			"scale": [0.5, 0.5, 0.5]
		},
		"firstperson_righthand": {
			"rotation": [82, -180, 0],
			"translation": [0, 1, 1.25],
			"scale": [0.5, 0.5, 0.5]
		},
		"firstperson_lefthand": {
			"rotation": [82, -180, 0],
			"translation": [0, 1, 1.25],
			"scale": [0.5, 0.5, 0.5]
		},
		"ground": {
			"scale": [0.5, 0.5, 0.5]
		},
		"gui": {
			"rotation": [71, -135, 62],
			"translation": [0.75, 0.5, 0],
			"scale": [0.95, 0.95, 0.95]
		},
		"head": {
			"translation": [0, 14.25, 0]
		},
		"fixed": {
			"rotation": [90, -135, 90],
			"translation": [0, 0, -0.5]
		}
	},
	"groups": [
		0,
		1,
		2,
		3,
		4,
		5,
		6,
		{
			"name": "group",
			"origin": [8, 8.20711, 10.10711],
			"color": 0,
			"children": [7, 8, 9, 10, 11, 12]
		},
		{
			"name": "group",
			"origin": [8, 8.20711, 10.10711],
			"color": 0,
			"children": [13, 14, 15, 16, 17, 18]
		}
	]
}